id,chrom,pos,ref,alt,gene,transcript,hgvsc,hgvsp,vaf
var-001,17,43093846,T,TC,BRCA1,NM_007294.4,c.5266dupC,p.Gln1756Profs*74,0.48
var-002,17,43124000,CTC,C,BRCA1,NM_007294.4,c.68_69delAG,p.Glu23Valfs*17,0.51
var-003,17,43094695,A,C,BRCA1,NM_007294.4,c.181T>G,p.Cys61Gly,0.47
var-004,17,43091250,A,G,BRCA1,NM_007294.4,c.1067A>G,p.Gln356Arg,0.50
var-005,17,43091200,T,C,BRCA1,NM_007294.4,c.4308T>C,p.Ser1436=,0.49
var-006,13,32338000,GT,G,BRCA2,NM_000059.4,c.6275_6276delTT,p.Leu2092Profs*7,0.52
var-007,13,32339000,T,TC,BRCA2,NM_000059.4,c.5946dupT,p.Ser1982Argfs*22,0.46
var-008,13,32341000,T,C,BRCA2,NM_000059.4,c.7008-15T>C,p.?,0.50
var-009,13,32354000,T,C,BRCA2,NM_000059.4,c.7397T>C,p.Val2466Ala,0.51
var-010,17,7674220,C,T,TP53,NM_000546.6,c.524G>A,p.Arg175His,0.49
var-011,17,7674898,C,T,TP53,NM_000546.6,c.743G>A,p.Arg248Gln,0.45
var-012,17,7676190,C,G,TP53,NM_000546.6,c.215C>G,p.Pro72Arg,0.47
var-013,16,23636248,G,A,PALB2,NM_024675.4,c.3113G>A,p.Trp1038*,0.50
var-014,16,23641000,A,G,PALB2,NM_024675.4,c.1010T>C,p.Leu337Ser,0.48
var-015,3,37020000,C,T,MLH1,NM_000249.4,c.350C>T,p.Thr117Met,0.51
var-016,3,37050000,T,A,MLH1,NM_000249.4,c.1151T>A,p.Val384Asp,0.49
var-017,2,47403000,C,T,MSH2,NM_000251.3,c.942+3A>T,p.?,0.47
var-018,2,47408000,A,G,MSH2,NM_000251.3,c.380A>G,p.Asn127Ser,0.46
var-019,7,117548628,CTT,C,CFTR,NM_000492.4,c.1521_1523delCTT,p.Phe508del,0.52
var-020,7,117480000,G,A,CFTR,NM_000492.4,c.350G>A,p.Arg117His,0.49
var-021,1,17350000,G,A,SDHB,NM_003000.3,c.418G>T,p.Asp140Tyr,0.50
var-022,1,45797000,C,T,MUTYH,NM_001128425.2,c.536A>G,p.Tyr179Cys,0.45
var-023,11,108170000,C,T,ATM,NM_000051.4,c.7271T>G,p.Val2424Gly,0.49
var-024,11,108180000,T,C,ATM,NM_000051.4,c.5557G>A,p.Asp1853Asn,0.50
var-025,17,7676000,A,G,TP53,NM_000546.6,c.659A>G,p.Tyr220Cys,0.46
var-026,5,98191000,T,C,PCSK9,NM_174936.4,c.94G>A,p.Glu32Lys,0.51
var-027,9,21971000,C,T,CDKN2A,NM_000077.5,c.301G>T,p.Glu101Lys,0.48
var-028,12,49435000,A,G,KRT8,NM_002273.4,c.428A>G,p.Asn143Ser,0.49
var-029,1,11796000,C,A,MTHFR,NM_005957.5,c.677C>T,p.Ala222Val,0.50
var-030,17,43067000,G,A,BRCA1,NM_007294.4,c.5251C>T,p.Arg1751*,0.48
